Method,Job,AnalyzeLaunchVariance,EvaluateOverhead,MaxAbsoluteError,MaxRelativeError,MinInvokeCount,MinIterationTime,OutlierMode,Affinity,EnvironmentVariables,Jit,LargeAddressAware,Platform,PowerPlanMode,Runtime,AllowVeryLargeObjects,Concurrent,CpuGroups,Force,HeapAffinitizeMask,HeapCount,NoAffinitize,RetainVm,Server,Arguments,BuildConfiguration,Clock,EngineFactory,NuGetReferences,Toolchain,IsMutator,InvocationCount,IterationCount,IterationTime,LaunchCount,MaxIterationCount,MaxWarmupIterationCount,MemoryRandomization,MinIterationCount,MinWarmupIterationCount,RunStrategy,UnrollFactor,WarmupCount,TotalDocuments,ChangePercentage,Mean,Error,StdDev,Median,Ratio,RatioSD,Gen0,Gen1,Allocated,Alloc Ratio
FullSync_ExportAll,Job-ARDWEO,False,Default,Default,Default,Default,Default,Default,111111111111111111111111,Empty,RyuJit,Default,X64,8c5e7fda-e8bf-4a96-9a85-a6e23a8c635c,.NET 9.0,False,True,False,True,Default,Default,False,False,False,Default,Default,Default,Default,Default,Default,Default,1,5,Default,Default,Default,Default,Default,Default,Default,Default,1,2,10000,0.01,"26,860.5 μs","8,070.19 μs","2,095.80 μs","26,332.0 μs",1.005,0.10,2000.0000,0.0000,38766.25 KB,1.000
FullSync_ExportAndImport,Job-ARDWEO,False,Default,Default,Default,Default,Default,Default,111111111111111111111111,Empty,RyuJit,Default,X64,8c5e7fda-e8bf-4a96-9a85-a6e23a8c635c,.NET 9.0,False,True,False,True,Default,Default,False,False,False,Default,Default,Default,Default,Default,Default,Default,1,5,Default,Default,Default,Default,Default,Default,Default,Default,1,2,10000,0.01,"47,363.0 μs","7,062.78 μs","1,834.18 μs","47,016.0 μs",1.772,0.14,4000.0000,1000.0000,75454.63 KB,1.946
DeltaSync_ExportChangesSince,Job-ARDWEO,False,Default,Default,Default,Default,Default,Default,111111111111111111111111,Empty,RyuJit,Default,X64,8c5e7fda-e8bf-4a96-9a85-a6e23a8c635c,.NET 9.0,False,True,False,True,Default,Default,False,False,False,Default,Default,Default,Default,Default,Default,Default,1,5,Default,Default,Default,Default,Default,Default,Default,Default,1,2,10000,0.01,165.8 μs,106.00 μs,27.53 μs,172.0 μs,0.006,0.00,0.0000,0.0000,1.88 KB,0.000
DeltaSync_ExportDeltaChanges,Job-ARDWEO,False,Default,Default,Default,Default,Default,Default,111111111111111111111111,Empty,RyuJit,Default,X64,8c5e7fda-e8bf-4a96-9a85-a6e23a8c635c,.NET 9.0,False,True,False,True,Default,Default,False,False,False,Default,Default,Default,Default,Default,Default,Default,1,5,Default,Default,Default,Default,Default,Default,Default,Default,1,2,10000,0.01,181.8 μs,257.80 μs,66.95 μs,144.4 μs,0.007,0.00,0.0000,0.0000,1.88 KB,0.000
DeltaSync_ExportAndImport,Job-ARDWEO,False,Default,Default,Default,Default,Default,Default,111111111111111111111111,Empty,RyuJit,Default,X64,8c5e7fda-e8bf-4a96-9a85-a6e23a8c635c,.NET 9.0,False,True,False,True,Default,Default,False,False,False,Default,Default,Default,Default,Default,Default,Default,1,5,Default,Default,Default,Default,Default,Default,Default,Default,1,2,10000,0.01,381.8 μs,341.83 μs,88.77 μs,346.3 μs,0.014,0.00,0.0000,0.0000,364.49 KB,0.009
DeltaSync_BandwidthSavings_Analysis,Job-ARDWEO,False,Default,Default,Default,Default,Default,Default,111111111111111111111111,Empty,RyuJit,Default,X64,8c5e7fda-e8bf-4a96-9a85-a6e23a8c635c,.NET 9.0,False,True,False,True,Default,Default,False,False,False,Default,Default,Default,Default,Default,Default,Default,1,5,Default,Default,Default,Default,Default,Default,Default,Default,1,2,10000,0.01,"28,251.9 μs","5,751.07 μs","1,493.54 μs","27,528.0 μs",1.057,0.09,2000.0000,0.0000,38768.14 KB,1.000
DeltaSync_MultipleRounds,Job-ARDWEO,False,Default,Default,Default,Default,Default,Default,111111111111111111111111,Empty,RyuJit,Default,X64,8c5e7fda-e8bf-4a96-9a85-a6e23a8c635c,.NET 9.0,False,True,False,True,Default,Default,False,False,False,Default,Default,Default,Default,Default,Default,Default,1,5,Default,Default,Default,Default,Default,Default,Default,Default,1,2,10000,0.01,"101,478.7 μs",349.42 μs,90.74 μs,"101,469.8 μs",3.796,0.26,0.0000,0.0000,1193.6 KB,0.031
DeltaSync_LargeDataset_SmallChange,Job-ARDWEO,False,Default,Default,Default,Default,Default,Default,111111111111111111111111,Empty,RyuJit,Default,X64,8c5e7fda-e8bf-4a96-9a85-a6e23a8c635c,.NET 9.0,False,True,False,True,Default,Default,False,False,False,Default,Default,Default,Default,Default,Default,Default,1,5,Default,Default,Default,Default,Default,Default,Default,Default,1,2,10000,0.01,"446,548.9 μs","17,361.93 μs","4,508.84 μs","443,794.7 μs",16.703,1.16,25000.0000,8000.0000,433505.06 KB,11.183
DeltaSync_FilteringOverhead,Job-ARDWEO,False,Default,Default,Default,Default,Default,Default,111111111111111111111111,Empty,RyuJit,Default,X64,8c5e7fda-e8bf-4a96-9a85-a6e23a8c635c,.NET 9.0,False,True,False,True,Default,Default,False,False,False,Default,Default,Default,Default,Default,Default,Default,1,5,Default,Default,Default,Default,Default,Default,Default,Default,1,2,10000,0.01,181.0 μs,168.29 μs,26.04 μs,179.0 μs,0.007,0.00,0.0000,0.0000,156.56 KB,0.004
DeltaSync_MemoryFootprint,Job-ARDWEO,False,Default,Default,Default,Default,Default,Default,111111111111111111111111,Empty,RyuJit,Default,X64,8c5e7fda-e8bf-4a96-9a85-a6e23a8c635c,.NET 9.0,False,True,False,True,Default,Default,False,False,False,Default,Default,Default,Default,Default,Default,Default,1,5,Default,Default,Default,Default,Default,Default,Default,Default,1,2,10000,0.01,"27,256.9 μs","10,144.60 μs","1,569.89 μs","27,289.9 μs",1.020,0.09,2000.0000,0.0000,38768.1 KB,1.000
FullSync_ExportAll,Job-ARDWEO,False,Default,Default,Default,Default,Default,Default,111111111111111111111111,Empty,RyuJit,Default,X64,8c5e7fda-e8bf-4a96-9a85-a6e23a8c635c,.NET 9.0,False,True,False,True,Default,Default,False,False,False,Default,Default,Default,Default,Default,Default,Default,1,5,Default,Default,Default,Default,Default,Default,Default,Default,1,2,10000,0.05,"27,568.6 μs","6,304.02 μs",975.55 μs,"27,704.8 μs",1.001,0.05,2000.0000,0.0000,38778.74 KB,1.000
FullSync_ExportAndImport,Job-ARDWEO,False,Default,Default,Default,Default,Default,Default,111111111111111111111111,Empty,RyuJit,Default,X64,8c5e7fda-e8bf-4a96-9a85-a6e23a8c635c,.NET 9.0,False,True,False,True,Default,Default,False,False,False,Default,Default,Default,Default,Default,Default,Default,1,5,Default,Default,Default,Default,Default,Default,Default,Default,1,2,10000,0.05,"45,267.5 μs","15,745.38 μs","4,089.03 μs","47,873.8 μs",1.644,0.15,4000.0000,1000.0000,75476.58 KB,1.946
DeltaSync_ExportChangesSince,Job-ARDWEO,False,Default,Default,Default,Default,Default,Default,111111111111111111111111,Empty,RyuJit,Default,X64,8c5e7fda-e8bf-4a96-9a85-a6e23a8c635c,.NET 9.0,False,True,False,True,Default,Default,False,False,False,Default,Default,Default,Default,Default,Default,Default,1,5,Default,Default,Default,Default,Default,Default,Default,Default,1,2,10000,0.05,152.1 μs,129.59 μs,20.05 μs,155.3 μs,0.006,0.00,0.0000,0.0000,8.13 KB,0.000
DeltaSync_ExportDeltaChanges,Job-ARDWEO,False,Default,Default,Default,Default,Default,Default,111111111111111111111111,Empty,RyuJit,Default,X64,8c5e7fda-e8bf-4a96-9a85-a6e23a8c635c,.NET 9.0,False,True,False,True,Default,Default,False,False,False,Default,Default,Default,Default,Default,Default,Default,1,5,Default,Default,Default,Default,Default,Default,Default,Default,1,2,10000,0.05,170.1 μs,146.05 μs,37.93 μs,159.1 μs,0.006,0.00,0.0000,0.0000,8.13 KB,0.000
DeltaSync_ExportAndImport,Job-ARDWEO,False,Default,Default,Default,Default,Default,Default,111111111111111111111111,Empty,RyuJit,Default,X64,8c5e7fda-e8bf-4a96-9a85-a6e23a8c635c,.NET 9.0,False,True,False,True,Default,Default,False,False,False,Default,Default,Default,Default,Default,Default,Default,1,5,Default,Default,Default,Default,Default,Default,Default,Default,1,2,10000,0.05,806.6 μs,346.57 μs,53.63 μs,814.9 μs,0.029,0.00,0.0000,0.0000,1876.19 KB,0.048
DeltaSync_BandwidthSavings_Analysis,Job-ARDWEO,False,Default,Default,Default,Default,Default,Default,111111111111111111111111,Empty,RyuJit,Default,X64,8c5e7fda-e8bf-4a96-9a85-a6e23a8c635c,.NET 9.0,False,True,False,True,Default,Default,False,False,False,Default,Default,Default,Default,Default,Default,Default,1,5,Default,Default,Default,Default,Default,Default,Default,Default,1,2,10000,0.05,"27,485.3 μs","3,835.71 μs",996.12 μs,"27,333.0 μs",0.998,0.05,2000.0000,0.0000,38786.86 KB,1.000
DeltaSync_MultipleRounds,Job-ARDWEO,False,Default,Default,Default,Default,Default,Default,111111111111111111111111,Empty,RyuJit,Default,X64,8c5e7fda-e8bf-4a96-9a85-a6e23a8c635c,.NET 9.0,False,True,False,True,Default,Default,False,False,False,Default,Default,Default,Default,Default,Default,Default,1,5,Default,Default,Default,Default,Default,Default,Default,Default,1,2,10000,0.05,"104,371.2 μs","3,200.08 μs",495.22 μs,"104,273.8 μs",3.789,0.12,0.0000,0.0000,5985.99 KB,0.154
DeltaSync_LargeDataset_SmallChange,Job-ARDWEO,False,Default,Default,Default,Default,Default,Default,111111111111111111111111,Empty,RyuJit,Default,X64,8c5e7fda-e8bf-4a96-9a85-a6e23a8c635c,.NET 9.0,False,True,False,True,Default,Default,False,False,False,Default,Default,Default,Default,Default,Default,Default,1,5,Default,Default,Default,Default,Default,Default,Default,Default,1,2,10000,0.05,"450,099.5 μs","65,999.84 μs","10,213.55 μs","445,641.6 μs",16.342,0.62,25000.0000,8000.0000,433505.55 KB,11.179
DeltaSync_FilteringOverhead,Job-ARDWEO,False,Default,Default,Default,Default,Default,Default,111111111111111111111111,Empty,RyuJit,Default,X64,8c5e7fda-e8bf-4a96-9a85-a6e23a8c635c,.NET 9.0,False,True,False,True,Default,Default,False,False,False,Default,Default,Default,Default,Default,Default,Default,1,5,Default,Default,Default,Default,Default,Default,Default,Default,1,2,10000,0.05,220.8 μs,132.38 μs,20.49 μs,226.1 μs,0.008,0.00,0.0000,0.0000,156.56 KB,0.004
DeltaSync_MemoryFootprint,Job-ARDWEO,False,Default,Default,Default,Default,Default,Default,111111111111111111111111,Empty,RyuJit,Default,X64,8c5e7fda-e8bf-4a96-9a85-a6e23a8c635c,.NET 9.0,False,True,False,True,Default,Default,False,False,False,Default,Default,Default,Default,Default,Default,Default,1,5,Default,Default,Default,Default,Default,Default,Default,Default,1,2,10000,0.05,"27,405.4 μs","3,137.91 μs",814.90 μs,"27,426.8 μs",0.995,0.04,2000.0000,0.0000,38786.87 KB,1.000
FullSync_ExportAll,Job-ARDWEO,False,Default,Default,Default,Default,Default,Default,111111111111111111111111,Empty,RyuJit,Default,X64,8c5e7fda-e8bf-4a96-9a85-a6e23a8c635c,.NET 9.0,False,True,False,True,Default,Default,False,False,False,Default,Default,Default,Default,Default,Default,Default,1,5,Default,Default,Default,Default,Default,Default,Default,Default,1,2,10000,0.1,"27,771.6 μs","15,387.75 μs","2,381.27 μs","27,115.7 μs",1.005,0.11,2000.0000,0.0000,38794.31 KB,1.000
FullSync_ExportAndImport,Job-ARDWEO,False,Default,Default,Default,Default,Default,Default,111111111111111111111111,Empty,RyuJit,Default,X64,8c5e7fda-e8bf-4a96-9a85-a6e23a8c635c,.NET 9.0,False,True,False,True,Default,Default,False,False,False,Default,Default,Default,Default,Default,Default,Default,1,5,Default,Default,Default,Default,Default,Default,Default,Default,1,2,10000,0.1,"43,489.1 μs","10,552.89 μs","2,740.55 μs","42,229.3 μs",1.574,0.15,4000.0000,1000.0000,75503.82 KB,1.946
DeltaSync_ExportChangesSince,Job-ARDWEO,False,Default,Default,Default,Default,Default,Default,111111111111111111111111,Empty,RyuJit,Default,X64,8c5e7fda-e8bf-4a96-9a85-a6e23a8c635c,.NET 9.0,False,True,False,True,Default,Default,False,False,False,Default,Default,Default,Default,Default,Default,Default,1,5,Default,Default,Default,Default,Default,Default,Default,Default,1,2,10000,0.1,174.5 μs,94.44 μs,24.52 μs,161.3 μs,0.006,0.00,0.0000,0.0000,15.94 KB,0.000
DeltaSync_ExportDeltaChanges,Job-ARDWEO,False,Default,Default,Default,Default,Default,Default,111111111111111111111111,Empty,RyuJit,Default,X64,8c5e7fda-e8bf-4a96-9a85-a6e23a8c635c,.NET 9.0,False,True,False,True,Default,Default,False,False,False,Default,Default,Default,Default,Default,Default,Default,1,5,Default,Default,Default,Default,Default,Default,Default,Default,1,2,10000,0.1,197.5 μs,130.73 μs,33.95 μs,192.3 μs,0.007,0.00,0.0000,0.0000,15.94 KB,0.000
DeltaSync_ExportAndImport,Job-ARDWEO,False,Default,Default,Default,Default,Default,Default,111111111111111111111111,Empty,RyuJit,Default,X64,8c5e7fda-e8bf-4a96-9a85-a6e23a8c635c,.NET 9.0,False,True,False,True,Default,Default,False,False,False,Default,Default,Default,Default,Default,Default,Default,1,5,Default,Default,Default,Default,Default,Default,Default,Default,1,2,10000,0.1,"2,413.8 μs","3,387.97 μs",879.84 μs,"2,897.7 μs",0.087,0.03,0.0000,0.0000,3780.02 KB,0.097
DeltaSync_BandwidthSavings_Analysis,Job-ARDWEO,False,Default,Default,Default,Default,Default,Default,111111111111111111111111,Empty,RyuJit,Default,X64,8c5e7fda-e8bf-4a96-9a85-a6e23a8c635c,.NET 9.0,False,True,False,True,Default,Default,False,False,False,Default,Default,Default,Default,Default,Default,Default,1,5,Default,Default,Default,Default,Default,Default,Default,Default,1,2,10000,0.1,"27,642.8 μs","12,101.66 μs","3,142.76 μs","28,231.7 μs",1.001,0.13,2000.0000,0.0000,38810.31 KB,1.000
DeltaSync_MultipleRounds,Job-ARDWEO,False,Default,Default,Default,Default,Default,Default,111111111111111111111111,Empty,RyuJit,Default,X64,8c5e7fda-e8bf-4a96-9a85-a6e23a8c635c,.NET 9.0,False,True,False,True,Default,Default,False,False,False,Default,Default,Default,Default,Default,Default,Default,1,5,Default,Default,Default,Default,Default,Default,Default,Default,1,2,10000,0.1,"110,779.6 μs","8,548.44 μs","2,220.00 μs","111,866.6 μs",4.010,0.30,0.0000,0.0000,11982.84 KB,0.309
DeltaSync_LargeDataset_SmallChange,Job-ARDWEO,False,Default,Default,Default,Default,Default,Default,111111111111111111111111,Empty,RyuJit,Default,X64,8c5e7fda-e8bf-4a96-9a85-a6e23a8c635c,.NET 9.0,False,True,False,True,Default,Default,False,False,False,Default,Default,Default,Default,Default,Default,Default,1,5,Default,Default,Default,Default,Default,Default,Default,Default,1,2,10000,0.1,"449,351.6 μs","25,011.40 μs","6,495.38 μs","445,649.2 μs",16.266,1.21,25000.0000,8000.0000,433505.2 KB,11.174
DeltaSync_FilteringOverhead,Job-ARDWEO,False,Default,Default,Default,Default,Default,Default,111111111111111111111111,Empty,RyuJit,Default,X64,8c5e7fda-e8bf-4a96-9a85-a6e23a8c635c,.NET 9.0,False,True,False,True,Default,Default,False,False,False,Default,Default,Default,Default,Default,Default,Default,1,5,Default,Default,Default,Default,Default,Default,Default,Default,1,2,10000,0.1,206.2 μs,146.50 μs,38.05 μs,225.6 μs,0.007,0.00,0.0000,0.0000,156.56 KB,0.004
DeltaSync_MemoryFootprint,Job-ARDWEO,False,Default,Default,Default,Default,Default,Default,111111111111111111111111,Empty,RyuJit,Default,X64,8c5e7fda-e8bf-4a96-9a85-a6e23a8c635c,.NET 9.0,False,True,False,True,Default,Default,False,False,False,Default,Default,Default,Default,Default,Default,Default,1,5,Default,Default,Default,Default,Default,Default,Default,Default,1,2,10000,0.1,"28,355.9 μs","18,493.34 μs","2,861.86 μs","28,568.3 μs",1.026,0.12,2000.0000,0.0000,38810.27 KB,1.000
FullSync_ExportAll,Job-ARDWEO,False,Default,Default,Default,Default,Default,Default,111111111111111111111111,Empty,RyuJit,Default,X64,8c5e7fda-e8bf-4a96-9a85-a6e23a8c635c,.NET 9.0,False,True,False,True,Default,Default,False,False,False,Default,Default,Default,Default,Default,Default,Default,1,5,Default,Default,Default,Default,Default,Default,Default,Default,1,2,10000,0.5,"29,012.0 μs","15,571.74 μs","4,043.93 μs","27,964.9 μs",1.015,0.18,2000.0000,0.0000,38919.31 KB,1.000
FullSync_ExportAndImport,Job-ARDWEO,False,Default,Default,Default,Default,Default,Default,111111111111111111111111,Empty,RyuJit,Default,X64,8c5e7fda-e8bf-4a96-9a85-a6e23a8c635c,.NET 9.0,False,True,False,True,Default,Default,False,False,False,Default,Default,Default,Default,Default,Default,Default,1,5,Default,Default,Default,Default,Default,Default,Default,Default,1,2,10000,0.5,"46,169.6 μs","19,870.06 μs","5,160.19 μs","47,107.2 μs",1.616,0.26,4000.0000,1000.0000,75722.85 KB,1.946
DeltaSync_ExportChangesSince,Job-ARDWEO,False,Default,Default,Default,Default,Default,Default,111111111111111111111111,Empty,RyuJit,Default,X64,8c5e7fda-e8bf-4a96-9a85-a6e23a8c635c,.NET 9.0,False,True,False,True,Default,Default,False,False,False,Default,Default,Default,Default,Default,Default,Default,1,5,Default,Default,Default,Default,Default,Default,Default,Default,1,2,10000,0.5,197.8 μs,130.55 μs,33.90 μs,202.8 μs,0.007,0.00,0.0000,0.0000,78.44 KB,0.002
DeltaSync_ExportDeltaChanges,Job-ARDWEO,False,Default,Default,Default,Default,Default,Default,111111111111111111111111,Empty,RyuJit,Default,X64,8c5e7fda-e8bf-4a96-9a85-a6e23a8c635c,.NET 9.0,False,True,False,True,Default,Default,False,False,False,Default,Default,Default,Default,Default,Default,Default,1,5,Default,Default,Default,Default,Default,Default,Default,Default,1,2,10000,0.5,205.6 μs,245.86 μs,63.85 μs,177.4 μs,0.007,0.00,0.0000,0.0000,78.44 KB,0.002
DeltaSync_ExportAndImport,Job-ARDWEO,False,Default,Default,Default,Default,Default,Default,111111111111111111111111,Empty,RyuJit,Default,X64,8c5e7fda-e8bf-4a96-9a85-a6e23a8c635c,.NET 9.0,False,True,False,True,Default,Default,False,False,False,Default,Default,Default,Default,Default,Default,Default,1,5,Default,Default,Default,Default,Default,Default,Default,Default,1,2,10000,0.5,"11,629.8 μs","10,981.64 μs","2,851.90 μs","12,529.1 μs",0.407,0.10,1000.0000,0.0000,18527.22 KB,0.476
DeltaSync_BandwidthSavings_Analysis,Job-ARDWEO,False,Default,Default,Default,Default,Default,Default,111111111111111111111111,Empty,RyuJit,Default,X64,8c5e7fda-e8bf-4a96-9a85-a6e23a8c635c,.NET 9.0,False,True,False,True,Default,Default,False,False,False,Default,Default,Default,Default,Default,Default,Default,1,5,Default,Default,Default,Default,Default,Default,Default,Default,1,2,10000,0.5,"27,136.0 μs","12,298.83 μs","3,193.97 μs","26,899.7 μs",0.950,0.16,2000.0000,0.0000,38997.86 KB,1.002
DeltaSync_MultipleRounds,Job-ARDWEO,False,Default,Default,Default,Default,Default,Default,111111111111111111111111,Empty,RyuJit,Default,X64,8c5e7fda-e8bf-4a96-9a85-a6e23a8c635c,.NET 9.0,False,True,False,True,Default,Default,False,False,False,Default,Default,Default,Default,Default,Default,Default,1,5,Default,Default,Default,Default,Default,Default,Default,Default,1,2,10000,0.5,"147,559.8 μs","16,572.60 μs","4,303.85 μs","148,631.5 μs",5.164,0.65,3000.0000,0.0000,63310.55 KB,1.627
DeltaSync_LargeDataset_SmallChange,Job-ARDWEO,False,Default,Default,Default,Default,Default,Default,111111111111111111111111,Empty,RyuJit,Default,X64,8c5e7fda-e8bf-4a96-9a85-a6e23a8c635c,.NET 9.0,False,True,False,True,Default,Default,False,False,False,Default,Default,Default,Default,Default,Default,Default,1,5,Default,Default,Default,Default,Default,Default,Default,Default,1,2,10000,0.5,"448,610.1 μs","32,968.49 μs","8,561.81 μs","447,588.8 μs",15.699,1.96,25000.0000,8000.0000,433505.07 KB,11.139
DeltaSync_FilteringOverhead,Job-ARDWEO,False,Default,Default,Default,Default,Default,Default,111111111111111111111111,Empty,RyuJit,Default,X64,8c5e7fda-e8bf-4a96-9a85-a6e23a8c635c,.NET 9.0,False,True,False,True,Default,Default,False,False,False,Default,Default,Default,Default,Default,Default,Default,1,5,Default,Default,Default,Default,Default,Default,Default,Default,1,2,10000,0.5,244.0 μs,492.94 μs,76.28 μs,237.0 μs,0.009,0.00,0.0000,0.0000,156.56 KB,0.004
DeltaSync_MemoryFootprint,Job-ARDWEO,False,Default,Default,Default,Default,Default,Default,111111111111111111111111,Empty,RyuJit,Default,X64,8c5e7fda-e8bf-4a96-9a85-a6e23a8c635c,.NET 9.0,False,True,False,True,Default,Default,False,False,False,Default,Default,Default,Default,Default,Default,Default,1,5,Default,Default,Default,Default,Default,Default,Default,Default,1,2,10000,0.5,"30,763.6 μs","20,397.14 μs","5,297.07 μs","31,831.2 μs",1.077,0.22,2000.0000,0.0000,38997.76 KB,1.002
FullSync_ExportAll,Job-ARDWEO,False,Default,Default,Default,Default,Default,Default,111111111111111111111111,Empty,RyuJit,Default,X64,8c5e7fda-e8bf-4a96-9a85-a6e23a8c635c,.NET 9.0,False,True,False,True,Default,Default,False,False,False,Default,Default,Default,Default,Default,Default,Default,1,5,Default,Default,Default,Default,Default,Default,Default,Default,1,2,50000,0.01,"141,259.8 μs","13,820.00 μs","3,589.01 μs","140,600.4 μs",1.001,0.03,11000.0000,2000.0000,194858.66 KB,1.000
FullSync_ExportAndImport,Job-ARDWEO,False,Default,Default,Default,Default,Default,Default,111111111111111111111111,Empty,RyuJit,Default,X64,8c5e7fda-e8bf-4a96-9a85-a6e23a8c635c,.NET 9.0,False,True,False,True,Default,Default,False,False,False,Default,Default,Default,Default,Default,Default,Default,1,5,Default,Default,Default,Default,Default,Default,Default,Default,1,2,50000,0.01,"219,580.4 μs","3,566.42 μs",551.91 μs,"219,567.8 μs",1.555,0.04,22000.0000,6000.0000,377990.36 KB,1.940
DeltaSync_ExportChangesSince,Job-ARDWEO,False,Default,Default,Default,Default,Default,Default,111111111111111111111111,Empty,RyuJit,Default,X64,8c5e7fda-e8bf-4a96-9a85-a6e23a8c635c,.NET 9.0,False,True,False,True,Default,Default,False,False,False,Default,Default,Default,Default,Default,Default,Default,1,5,Default,Default,Default,Default,Default,Default,Default,Default,1,2,50000,0.01,310.9 μs,216.47 μs,33.50 μs,324.6 μs,0.002,0.00,0.0000,0.0000,8.13 KB,0.000
DeltaSync_ExportDeltaChanges,Job-ARDWEO,False,Default,Default,Default,Default,Default,Default,111111111111111111111111,Empty,RyuJit,Default,X64,8c5e7fda-e8bf-4a96-9a85-a6e23a8c635c,.NET 9.0,False,True,False,True,Default,Default,False,False,False,Default,Default,Default,Default,Default,Default,Default,1,5,Default,Default,Default,Default,Default,Default,Default,Default,1,2,50000,0.01,284.4 μs,177.99 μs,46.22 μs,297.0 μs,0.002,0.00,0.0000,0.0000,8.13 KB,0.000
DeltaSync_ExportAndImport,Job-ARDWEO,False,Default,Default,Default,Default,Default,Default,111111111111111111111111,Empty,RyuJit,Default,X64,8c5e7fda-e8bf-4a96-9a85-a6e23a8c635c,.NET 9.0,False,True,False,True,Default,Default,False,False,False,Default,Default,Default,Default,Default,Default,Default,1,5,Default,Default,Default,Default,Default,Default,Default,Default,1,2,50000,0.01,"1,697.6 μs",308.38 μs,47.72 μs,"1,692.0 μs",0.012,0.00,0.0000,0.0000,1886.74 KB,0.010
DeltaSync_BandwidthSavings_Analysis,Job-ARDWEO,False,Default,Default,Default,Default,Default,Default,111111111111111111111111,Empty,RyuJit,Default,X64,8c5e7fda-e8bf-4a96-9a85-a6e23a8c635c,.NET 9.0,False,True,False,True,Default,Default,False,False,False,Default,Default,Default,Default,Default,Default,Default,1,5,Default,Default,Default,Default,Default,Default,Default,Default,1,2,50000,0.01,"138,057.8 μs","10,941.40 μs","1,693.19 μs","137,867.7 μs",0.978,0.03,11000.0000,2000.0000,194866.8 KB,1.000
DeltaSync_MultipleRounds,Job-ARDWEO,False,Default,Default,Default,Default,Default,Default,111111111111111111111111,Empty,RyuJit,Default,X64,8c5e7fda-e8bf-4a96-9a85-a6e23a8c635c,.NET 9.0,False,True,False,True,Default,Default,False,False,False,Default,Default,Default,Default,Default,Default,Default,1,5,Default,Default,Default,Default,Default,Default,Default,Default,1,2,50000,0.01,"106,949.8 μs",523.40 μs,135.92 μs,"107,007.9 μs",0.758,0.02,0.0000,0.0000,5986.16 KB,0.031
DeltaSync_LargeDataset_SmallChange,Job-ARDWEO,False,Default,Default,Default,Default,Default,Default,111111111111111111111111,Empty,RyuJit,Default,X64,8c5e7fda-e8bf-4a96-9a85-a6e23a8c635c,.NET 9.0,False,True,False,True,Default,Default,False,False,False,Default,Default,Default,Default,Default,Default,Default,1,5,Default,Default,Default,Default,Default,Default,Default,Default,1,2,50000,0.01,"443,620.2 μs","22,104.59 μs","3,420.71 μs","444,665.7 μs",3.142,0.08,25000.0000,8000.0000,433505.32 KB,2.225
DeltaSync_FilteringOverhead,Job-ARDWEO,False,Default,Default,Default,Default,Default,Default,111111111111111111111111,Empty,RyuJit,Default,X64,8c5e7fda-e8bf-4a96-9a85-a6e23a8c635c,.NET 9.0,False,True,False,True,Default,Default,False,False,False,Default,Default,Default,Default,Default,Default,Default,1,5,Default,Default,Default,Default,Default,Default,Default,Default,1,2,50000,0.01,466.3 μs,167.61 μs,43.53 μs,438.1 μs,0.003,0.00,0.0000,0.0000,132.8 KB,0.001
DeltaSync_MemoryFootprint,Job-ARDWEO,False,Default,Default,Default,Default,Default,Default,111111111111111111111111,Empty,RyuJit,Default,X64,8c5e7fda-e8bf-4a96-9a85-a6e23a8c635c,.NET 9.0,False,True,False,True,Default,Default,False,False,False,Default,Default,Default,Default,Default,Default,Default,1,5,Default,Default,Default,Default,Default,Default,Default,Default,1,2,50000,0.01,"138,274.7 μs","12,830.74 μs","1,985.57 μs","137,850.7 μs",0.979,0.03,11000.0000,2000.0000,194866.77 KB,1.000
FullSync_ExportAll,Job-ARDWEO,False,Default,Default,Default,Default,Default,Default,111111111111111111111111,Empty,RyuJit,Default,X64,8c5e7fda-e8bf-4a96-9a85-a6e23a8c635c,.NET 9.0,False,True,False,True,Default,Default,False,False,False,Default,Default,Default,Default,Default,Default,Default,1,5,Default,Default,Default,Default,Default,Default,Default,Default,1,2,50000,0.05,"134,867.5 μs","5,079.68 μs","1,319.18 μs","134,663.3 μs",1.000,0.01,11000.0000,2000.0000,194921.18 KB,1.000
FullSync_ExportAndImport,Job-ARDWEO,False,Default,Default,Default,Default,Default,Default,111111111111111111111111,Empty,RyuJit,Default,X64,8c5e7fda-e8bf-4a96-9a85-a6e23a8c635c,.NET 9.0,False,True,False,True,Default,Default,False,False,False,Default,Default,Default,Default,Default,Default,Default,1,5,Default,Default,Default,Default,Default,Default,Default,Default,1,2,50000,0.05,"217,444.6 μs","8,271.50 μs","1,280.02 μs","217,381.6 μs",1.612,0.02,22000.0000,6000.0000,378099.55 KB,1.940
DeltaSync_ExportChangesSince,Job-ARDWEO,False,Default,Default,Default,Default,Default,Default,111111111111111111111111,Empty,RyuJit,Default,X64,8c5e7fda-e8bf-4a96-9a85-a6e23a8c635c,.NET 9.0,False,True,False,True,Default,Default,False,False,False,Default,Default,Default,Default,Default,Default,Default,1,5,Default,Default,Default,Default,Default,Default,Default,Default,1,2,50000,0.05,252.4 μs,121.33 μs,18.78 μs,258.2 μs,0.002,0.00,0.0000,0.0000,39.38 KB,0.000
DeltaSync_ExportDeltaChanges,Job-ARDWEO,False,Default,Default,Default,Default,Default,Default,111111111111111111111111,Empty,RyuJit,Default,X64,8c5e7fda-e8bf-4a96-9a85-a6e23a8c635c,.NET 9.0,False,True,False,True,Default,Default,False,False,False,Default,Default,Default,Default,Default,Default,Default,1,5,Default,Default,Default,Default,Default,Default,Default,Default,1,2,50000,0.05,256.8 μs,37.68 μs,5.83 μs,258.6 μs,0.002,0.00,0.0000,0.0000,39.38 KB,0.000
DeltaSync_ExportAndImport,Job-ARDWEO,False,Default,Default,Default,Default,Default,Default,111111111111111111111111,Empty,RyuJit,Default,X64,8c5e7fda-e8bf-4a96-9a85-a6e23a8c635c,.NET 9.0,False,True,False,True,Default,Default,False,False,False,Default,Default,Default,Default,Default,Default,Default,1,5,Default,Default,Default,Default,Default,Default,Default,Default,1,2,50000,0.05,"5,335.0 μs",702.26 μs,108.68 μs,"5,362.9 μs",0.040,0.00,0.0000,0.0000,9246.78 KB,0.047
DeltaSync_BandwidthSavings_Analysis,Job-ARDWEO,False,Default,Default,Default,Default,Default,Default,111111111111111111111111,Empty,RyuJit,Default,X64,8c5e7fda-e8bf-4a96-9a85-a6e23a8c635c,.NET 9.0,False,True,False,True,Default,Default,False,False,False,Default,Default,Default,Default,Default,Default,Default,1,5,Default,Default,Default,Default,Default,Default,Default,Default,1,2,50000,0.05,"134,230.9 μs","2,503.24 μs",650.08 μs,"134,375.8 μs",0.995,0.01,11000.0000,2000.0000,194960.39 KB,1.000
DeltaSync_MultipleRounds,Job-ARDWEO,False,Default,Default,Default,Default,Default,Default,111111111111111111111111,Empty,RyuJit,Default,X64,8c5e7fda-e8bf-4a96-9a85-a6e23a8c635c,.NET 9.0,False,True,False,True,Default,Default,False,False,False,Default,Default,Default,Default,Default,Default,Default,1,5,Default,Default,Default,Default,Default,Default,Default,Default,1,2,50000,0.05,"125,342.2 μs","10,198.65 μs","2,648.56 μs","124,513.7 μs",0.929,0.02,1000.0000,0.0000,31201.39 KB,0.160
DeltaSync_LargeDataset_SmallChange,Job-ARDWEO,False,Default,Default,Default,Default,Default,Default,111111111111111111111111,Empty,RyuJit,Default,X64,8c5e7fda-e8bf-4a96-9a85-a6e23a8c635c,.NET 9.0,False,True,False,True,Default,Default,False,False,False,Default,Default,Default,Default,Default,Default,Default,1,5,Default,Default,Default,Default,Default,Default,Default,Default,1,2,50000,0.05,"439,763.0 μs","17,211.16 μs","4,469.68 μs","440,541.4 μs",3.261,0.04,25000.0000,8000.0000,433505.32 KB,2.224
DeltaSync_FilteringOverhead,Job-ARDWEO,False,Default,Default,Default,Default,Default,Default,111111111111111111111111,Empty,RyuJit,Default,X64,8c5e7fda-e8bf-4a96-9a85-a6e23a8c635c,.NET 9.0,False,True,False,True,Default,Default,False,False,False,Default,Default,Default,Default,Default,Default,Default,1,5,Default,Default,Default,Default,Default,Default,Default,Default,1,2,50000,0.05,308.1 μs,188.56 μs,48.97 μs,293.5 μs,0.002,0.00,0.0000,0.0000,132.78 KB,0.001
DeltaSync_MemoryFootprint,Job-ARDWEO,False,Default,Default,Default,Default,Default,Default,111111111111111111111111,Empty,RyuJit,Default,X64,8c5e7fda-e8bf-4a96-9a85-a6e23a8c635c,.NET 9.0,False,True,False,True,Default,Default,False,False,False,Default,Default,Default,Default,Default,Default,Default,1,5,Default,Default,Default,Default,Default,Default,Default,Default,1,2,50000,0.05,"136,080.5 μs","3,195.54 μs",494.51 μs,"136,051.3 μs",1.009,0.01,11000.0000,2000.0000,194960.55 KB,1.000
FullSync_ExportAll,Job-ARDWEO,False,Default,Default,Default,Default,Default,Default,111111111111111111111111,Empty,RyuJit,Default,X64,8c5e7fda-e8bf-4a96-9a85-a6e23a8c635c,.NET 9.0,False,True,False,True,Default,Default,False,False,False,Default,Default,Default,Default,Default,Default,Default,1,5,Default,Default,Default,Default,Default,Default,Default,Default,1,2,50000,0.1,"133,645.6 μs",681.76 μs,105.50 μs,"133,618.1 μs",1.000,0.00,11000.0000,2000.0000,194999.36 KB,1.000
FullSync_ExportAndImport,Job-ARDWEO,False,Default,Default,Default,Default,Default,Default,111111111111111111111111,Empty,RyuJit,Default,X64,8c5e7fda-e8bf-4a96-9a85-a6e23a8c635c,.NET 9.0,False,True,False,True,Default,Default,False,False,False,Default,Default,Default,Default,Default,Default,Default,1,5,Default,Default,Default,Default,Default,Default,Default,Default,1,2,50000,0.1,"215,439.3 μs","10,036.74 μs","1,553.20 μs","215,716.6 μs",1.612,0.01,22000.0000,6000.0000,378236.45 KB,1.940
DeltaSync_ExportChangesSince,Job-ARDWEO,False,Default,Default,Default,Default,Default,Default,111111111111111111111111,Empty,RyuJit,Default,X64,8c5e7fda-e8bf-4a96-9a85-a6e23a8c635c,.NET 9.0,False,True,False,True,Default,Default,False,False,False,Default,Default,Default,Default,Default,Default,Default,1,5,Default,Default,Default,Default,Default,Default,Default,Default,1,2,50000,0.1,336.2 μs,170.96 μs,26.46 μs,349.0 μs,0.003,0.00,0.0000,0.0000,78.44 KB,0.000
DeltaSync_ExportDeltaChanges,Job-ARDWEO,False,Default,Default,Default,Default,Default,Default,111111111111111111111111,Empty,RyuJit,Default,X64,8c5e7fda-e8bf-4a96-9a85-a6e23a8c635c,.NET 9.0,False,True,False,True,Default,Default,False,False,False,Default,Default,Default,Default,Default,Default,Default,1,5,Default,Default,Default,Default,Default,Default,Default,Default,1,2,50000,0.1,355.3 μs,115.09 μs,29.89 μs,357.7 μs,0.003,0.00,0.0000,0.0000,78.44 KB,0.000
DeltaSync_ExportAndImport,Job-ARDWEO,False,Default,Default,Default,Default,Default,Default,111111111111111111111111,Empty,RyuJit,Default,X64,8c5e7fda-e8bf-4a96-9a85-a6e23a8c635c,.NET 9.0,False,True,False,True,Default,Default,False,False,False,Default,Default,Default,Default,Default,Default,Default,1,5,Default,Default,Default,Default,Default,Default,Default,Default,1,2,50000,0.1,"11,298.3 μs","4,688.60 μs","1,217.61 μs","10,573.6 μs",0.085,0.01,1000.0000,0.0000,18543.84 KB,0.095
DeltaSync_BandwidthSavings_Analysis,Job-ARDWEO,False,Default,Default,Default,Default,Default,Default,111111111111111111111111,Empty,RyuJit,Default,X64,8c5e7fda-e8bf-4a96-9a85-a6e23a8c635c,.NET 9.0,False,True,False,True,Default,Default,False,False,False,Default,Default,Default,Default,Default,Default,Default,1,5,Default,Default,Default,Default,Default,Default,Default,Default,1,2,50000,0.1,"132,202.8 μs","9,098.66 μs","2,362.89 μs","132,474.1 μs",0.989,0.02,11000.0000,2000.0000,195077.72 KB,1.000
DeltaSync_MultipleRounds,Job-ARDWEO,False,Default,Default,Default,Default,Default,Default,111111111111111111111111,Empty,RyuJit,Default,X64,8c5e7fda-e8bf-4a96-9a85-a6e23a8c635c,.NET 9.0,False,True,False,True,Default,Default,False,False,False,Default,Default,Default,Default,Default,Default,Default,1,5,Default,Default,Default,Default,Default,Default,Default,Default,1,2,50000,0.1,"149,240.1 μs","9,296.18 μs","2,414.19 μs","150,227.2 μs",1.117,0.02,3000.0000,0.0000,63093.25 KB,0.324
DeltaSync_LargeDataset_SmallChange,Job-ARDWEO,False,Default,Default,Default,Default,Default,Default,111111111111111111111111,Empty,RyuJit,Default,X64,8c5e7fda-e8bf-4a96-9a85-a6e23a8c635c,.NET 9.0,False,True,False,True,Default,Default,False,False,False,Default,Default,Default,Default,Default,Default,Default,1,5,Default,Default,Default,Default,Default,Default,Default,Default,1,2,50000,0.1,"445,175.1 μs","29,941.59 μs","7,775.74 μs","440,787.2 μs",3.331,0.05,25000.0000,8000.0000,433505.27 KB,2.223
DeltaSync_FilteringOverhead,Job-ARDWEO,False,Default,Default,Default,Default,Default,Default,111111111111111111111111,Empty,RyuJit,Default,X64,8c5e7fda-e8bf-4a96-9a85-a6e23a8c635c,.NET 9.0,False,True,False,True,Default,Default,False,False,False,Default,Default,Default,Default,Default,Default,Default,1,5,Default,Default,Default,Default,Default,Default,Default,Default,1,2,50000,0.1,356.0 μs,288.25 μs,74.86 μs,376.9 μs,0.003,0.00,0.0000,0.0000,140.58 KB,0.001
DeltaSync_MemoryFootprint,Job-ARDWEO,False,Default,Default,Default,Default,Default,Default,111111111111111111111111,Empty,RyuJit,Default,X64,8c5e7fda-e8bf-4a96-9a85-a6e23a8c635c,.NET 9.0,False,True,False,True,Default,Default,False,False,False,Default,Default,Default,Default,Default,Default,Default,1,5,Default,Default,Default,Default,Default,Default,Default,Default,1,2,50000,0.1,"131,846.2 μs","12,569.50 μs","1,945.14 μs","132,456.8 μs",0.987,0.01,11000.0000,2000.0000,195077.7 KB,1.000
FullSync_ExportAll,Job-ARDWEO,False,Default,Default,Default,Default,Default,Default,111111111111111111111111,Empty,RyuJit,Default,X64,8c5e7fda-e8bf-4a96-9a85-a6e23a8c635c,.NET 9.0,False,True,False,True,Default,Default,False,False,False,Default,Default,Default,Default,Default,Default,Default,1,5,Default,Default,Default,Default,Default,Default,Default,Default,1,2,50000,0.5,"132,164.3 μs",968.57 μs,149.89 μs,"132,185.6 μs",1.000,0.00,11000.0000,2000.0000,195624.34 KB,1.000
FullSync_ExportAndImport,Job-ARDWEO,False,Default,Default,Default,Default,Default,Default,111111111111111111111111,Empty,RyuJit,Default,X64,8c5e7fda-e8bf-4a96-9a85-a6e23a8c635c,.NET 9.0,False,True,False,True,Default,Default,False,False,False,Default,Default,Default,Default,Default,Default,Default,1,5,Default,Default,Default,Default,Default,Default,Default,Default,1,2,50000,0.5,"222,840.7 μs","10,069.13 μs","1,558.21 μs","223,263.2 μs",1.686,0.01,22000.0000,6000.0000,379361.76 KB,1.939
DeltaSync_ExportChangesSince,Job-ARDWEO,False,Default,Default,Default,Default,Default,Default,111111111111111111111111,Empty,RyuJit,Default,X64,8c5e7fda-e8bf-4a96-9a85-a6e23a8c635c,.NET 9.0,False,True,False,True,Default,Default,False,False,False,Default,Default,Default,Default,Default,Default,Default,1,5,Default,Default,Default,Default,Default,Default,Default,Default,1,2,50000,0.5,NA,NA,NA,NA,?,?,NA,NA,NA,?
DeltaSync_ExportDeltaChanges,Job-ARDWEO,False,Default,Default,Default,Default,Default,Default,111111111111111111111111,Empty,RyuJit,Default,X64,8c5e7fda-e8bf-4a96-9a85-a6e23a8c635c,.NET 9.0,False,True,False,True,Default,Default,False,False,False,Default,Default,Default,Default,Default,Default,Default,1,5,Default,Default,Default,Default,Default,Default,Default,Default,1,2,50000,0.5,NA,NA,NA,NA,?,?,NA,NA,NA,?
DeltaSync_ExportAndImport,Job-ARDWEO,False,Default,Default,Default,Default,Default,Default,111111111111111111111111,Empty,RyuJit,Default,X64,8c5e7fda-e8bf-4a96-9a85-a6e23a8c635c,.NET 9.0,False,True,False,True,Default,Default,False,False,False,Default,Default,Default,Default,Default,Default,Default,1,5,Default,Default,Default,Default,Default,Default,Default,Default,1,2,50000,0.5,"15,952.9 μs","3,705.77 μs",962.38 μs,"16,552.4 μs",0.121,0.01,1000.0000,0.0000,33546.52 KB,0.171
DeltaSync_BandwidthSavings_Analysis,Job-ARDWEO,False,Default,Default,Default,Default,Default,Default,111111111111111111111111,Empty,RyuJit,Default,X64,8c5e7fda-e8bf-4a96-9a85-a6e23a8c635c,.NET 9.0,False,True,False,True,Default,Default,False,False,False,Default,Default,Default,Default,Default,Default,Default,1,5,Default,Default,Default,Default,Default,Default,Default,Default,1,2,50000,0.5,"132,732.0 μs","7,832.65 μs","1,212.11 μs","132,748.4 μs",1.004,0.01,11000.0000,2000.0000,195764.88 KB,1.001
DeltaSync_MultipleRounds,Job-ARDWEO,False,Default,Default,Default,Default,Default,Default,111111111111111111111111,Empty,RyuJit,Default,X64,8c5e7fda-e8bf-4a96-9a85-a6e23a8c635c,.NET 9.0,False,True,False,True,Default,Default,False,False,False,Default,Default,Default,Default,Default,Default,Default,1,5,Default,Default,Default,Default,Default,Default,Default,Default,1,2,50000,0.5,"361,487.8 μs","6,037.64 μs","1,567.95 μs","360,842.6 μs",2.735,0.01,19000.0000,6000.0000,324215.66 KB,1.657
DeltaSync_LargeDataset_SmallChange,Job-ARDWEO,False,Default,Default,Default,Default,Default,Default,111111111111111111111111,Empty,RyuJit,Default,X64,8c5e7fda-e8bf-4a96-9a85-a6e23a8c635c,.NET 9.0,False,True,False,True,Default,Default,False,False,False,Default,Default,Default,Default,Default,Default,Default,1,5,Default,Default,Default,Default,Default,Default,Default,Default,1,2,50000,0.5,"433,948.9 μs","19,881.21 μs","5,163.09 μs","430,941.3 μs",3.283,0.04,25000.0000,8000.0000,433504.7 KB,2.216
DeltaSync_FilteringOverhead,Job-ARDWEO,False,Default,Default,Default,Default,Default,Default,111111111111111111111111,Empty,RyuJit,Default,X64,8c5e7fda-e8bf-4a96-9a85-a6e23a8c635c,.NET 9.0,False,True,False,True,Default,Default,False,False,False,Default,Default,Default,Default,Default,Default,Default,1,5,Default,Default,Default,Default,Default,Default,Default,Default,1,2,50000,0.5,206.7 μs,236.70 μs,61.47 μs,175.5 μs,0.002,0.00,0.0000,0.0000,140.42 KB,0.001
DeltaSync_MemoryFootprint,Job-ARDWEO,False,Default,Default,Default,Default,Default,Default,111111111111111111111111,Empty,RyuJit,Default,X64,8c5e7fda-e8bf-4a96-9a85-a6e23a8c635c,.NET 9.0,False,True,False,True,Default,Default,False,False,False,Default,Default,Default,Default,Default,Default,Default,1,5,Default,Default,Default,Default,Default,Default,Default,Default,1,2,50000,0.5,"131,740.0 μs","3,874.49 μs",599.58 μs,"131,596.1 μs",0.997,0.00,11000.0000,2000.0000,195764.75 KB,1.001
FullSync_ExportAll,Job-ARDWEO,False,Default,Default,Default,Default,Default,Default,111111111111111111111111,Empty,RyuJit,Default,X64,8c5e7fda-e8bf-4a96-9a85-a6e23a8c635c,.NET 9.0,False,True,False,True,Default,Default,False,False,False,Default,Default,Default,Default,Default,Default,Default,1,5,Default,Default,Default,Default,Default,Default,Default,Default,1,2,100000,0.01,"264,419.3 μs","7,249.39 μs","1,121.85 μs","264,718.5 μs",1.000,0.01,23000.0000,5000.0000,390038.08 KB,1.000
FullSync_ExportAndImport,Job-ARDWEO,False,Default,Default,Default,Default,Default,Default,111111111111111111111111,Empty,RyuJit,Default,X64,8c5e7fda-e8bf-4a96-9a85-a6e23a8c635c,.NET 9.0,False,True,False,True,Default,Default,False,False,False,Default,Default,Default,Default,Default,Default,Default,1,5,Default,Default,Default,Default,Default,Default,Default,Default,1,2,100000,0.01,"432,621.8 μs","11,969.30 μs","1,852.26 μs","432,786.2 μs",1.636,0.01,45000.0000,11000.0000,750995.65 KB,1.925
DeltaSync_ExportChangesSince,Job-ARDWEO,False,Default,Default,Default,Default,Default,Default,111111111111111111111111,Empty,RyuJit,Default,X64,8c5e7fda-e8bf-4a96-9a85-a6e23a8c635c,.NET 9.0,False,True,False,True,Default,Default,False,False,False,Default,Default,Default,Default,Default,Default,Default,1,5,Default,Default,Default,Default,Default,Default,Default,Default,1,2,100000,0.01,305.8 μs,27.67 μs,4.28 μs,306.8 μs,0.001,0.00,0.0000,0.0000,15.94 KB,0.000
DeltaSync_ExportDeltaChanges,Job-ARDWEO,False,Default,Default,Default,Default,Default,Default,111111111111111111111111,Empty,RyuJit,Default,X64,8c5e7fda-e8bf-4a96-9a85-a6e23a8c635c,.NET 9.0,False,True,False,True,Default,Default,False,False,False,Default,Default,Default,Default,Default,Default,Default,1,5,Default,Default,Default,Default,Default,Default,Default,Default,1,2,100000,0.01,286.5 μs,156.12 μs,40.54 μs,293.0 μs,0.001,0.00,0.0000,0.0000,15.94 KB,0.000
DeltaSync_ExportAndImport,Job-ARDWEO,False,Default,Default,Default,Default,Default,Default,111111111111111111111111,Empty,RyuJit,Default,X64,8c5e7fda-e8bf-4a96-9a85-a6e23a8c635c,.NET 9.0,False,True,False,True,Default,Default,False,False,False,Default,Default,Default,Default,Default,Default,Default,1,5,Default,Default,Default,Default,Default,Default,Default,Default,1,2,100000,0.01,"3,025.0 μs",218.17 μs,56.66 μs,"3,029.4 μs",0.011,0.00,0.0000,0.0000,3779.77 KB,0.010
DeltaSync_BandwidthSavings_Analysis,Job-ARDWEO,False,Default,Default,Default,Default,Default,Default,111111111111111111111111,Empty,RyuJit,Default,X64,8c5e7fda-e8bf-4a96-9a85-a6e23a8c635c,.NET 9.0,False,True,False,True,Default,Default,False,False,False,Default,Default,Default,Default,Default,Default,Default,1,5,Default,Default,Default,Default,Default,Default,Default,Default,1,2,100000,0.01,"266,880.6 μs","7,979.92 μs","1,234.90 μs","266,896.2 μs",1.009,0.01,23000.0000,5000.0000,390054.13 KB,1.000
DeltaSync_MultipleRounds,Job-ARDWEO,False,Default,Default,Default,Default,Default,Default,111111111111111111111111,Empty,RyuJit,Default,X64,8c5e7fda-e8bf-4a96-9a85-a6e23a8c635c,.NET 9.0,False,True,False,True,Default,Default,False,False,False,Default,Default,Default,Default,Default,Default,Default,1,5,Default,Default,Default,Default,Default,Default,Default,Default,1,2,100000,0.01,"113,531.2 μs","1,227.09 μs",318.67 μs,"113,575.1 μs",0.429,0.00,0.0000,0.0000,12601.47 KB,0.032
DeltaSync_LargeDataset_SmallChange,Job-ARDWEO,False,Default,Default,Default,Default,Default,Default,111111111111111111111111,Empty,RyuJit,Default,X64,8c5e7fda-e8bf-4a96-9a85-a6e23a8c635c,.NET 9.0,False,True,False,True,Default,Default,False,False,False,Default,Default,Default,Default,Default,Default,Default,1,5,Default,Default,Default,Default,Default,Default,Default,Default,1,2,100000,0.01,"440,902.2 μs","22,090.94 μs","3,418.60 μs","441,752.6 μs",1.667,0.01,25000.0000,8000.0000,433505.42 KB,1.111
DeltaSync_FilteringOverhead,Job-ARDWEO,False,Default,Default,Default,Default,Default,Default,111111111111111111111111,Empty,RyuJit,Default,X64,8c5e7fda-e8bf-4a96-9a85-a6e23a8c635c,.NET 9.0,False,True,False,True,Default,Default,False,False,False,Default,Default,Default,Default,Default,Default,Default,1,5,Default,Default,Default,Default,Default,Default,Default,Default,1,2,100000,0.01,382.8 μs,41.93 μs,10.89 μs,385.3 μs,0.001,0.00,0.0000,0.0000,140.22 KB,0.000
DeltaSync_MemoryFootprint,Job-ARDWEO,False,Default,Default,Default,Default,Default,Default,111111111111111111111111,Empty,RyuJit,Default,X64,8c5e7fda-e8bf-4a96-9a85-a6e23a8c635c,.NET 9.0,False,True,False,True,Default,Default,False,False,False,Default,Default,Default,Default,Default,Default,Default,1,5,Default,Default,Default,Default,Default,Default,Default,Default,1,2,100000,0.01,"270,094.9 μs","10,937.97 μs","2,840.56 μs","270,989.9 μs",1.021,0.01,23000.0000,5000.0000,390054.2 KB,1.000
FullSync_ExportAll,Job-ARDWEO,False,Default,Default,Default,Default,Default,Default,111111111111111111111111,Empty,RyuJit,Default,X64,8c5e7fda-e8bf-4a96-9a85-a6e23a8c635c,.NET 9.0,False,True,False,True,Default,Default,False,False,False,Default,Default,Default,Default,Default,Default,Default,1,5,Default,Default,Default,Default,Default,Default,Default,Default,1,2,100000,0.05,"265,342.3 μs","4,189.99 μs","1,088.13 μs","265,201.8 μs",1.000,0.01,23000.0000,5000.0000,390163.26 KB,1.000
FullSync_ExportAndImport,Job-ARDWEO,False,Default,Default,Default,Default,Default,Default,111111111111111111111111,Empty,RyuJit,Default,X64,8c5e7fda-e8bf-4a96-9a85-a6e23a8c635c,.NET 9.0,False,True,False,True,Default,Default,False,False,False,Default,Default,Default,Default,Default,Default,Default,1,5,Default,Default,Default,Default,Default,Default,Default,Default,1,2,100000,0.05,"433,675.6 μs","8,162.84 μs","2,119.86 μs","432,958.2 μs",1.634,0.01,45000.0000,11000.0000,751214.5 KB,1.925
DeltaSync_ExportChangesSince,Job-ARDWEO,False,Default,Default,Default,Default,Default,Default,111111111111111111111111,Empty,RyuJit,Default,X64,8c5e7fda-e8bf-4a96-9a85-a6e23a8c635c,.NET 9.0,False,True,False,True,Default,Default,False,False,False,Default,Default,Default,Default,Default,Default,Default,1,5,Default,Default,Default,Default,Default,Default,Default,Default,1,2,100000,0.05,398.3 μs,114.93 μs,29.85 μs,399.5 μs,0.002,0.00,0.0000,0.0000,78.44 KB,0.000
DeltaSync_ExportDeltaChanges,Job-ARDWEO,False,Default,Default,Default,Default,Default,Default,111111111111111111111111,Empty,RyuJit,Default,X64,8c5e7fda-e8bf-4a96-9a85-a6e23a8c635c,.NET 9.0,False,True,False,True,Default,Default,False,False,False,Default,Default,Default,Default,Default,Default,Default,1,5,Default,Default,Default,Default,Default,Default,Default,Default,1,2,100000,0.05,403.5 μs,77.95 μs,20.24 μs,409.0 μs,0.002,0.00,0.0000,0.0000,78.44 KB,0.000
DeltaSync_ExportAndImport,Job-ARDWEO,False,Default,Default,Default,Default,Default,Default,111111111111111111111111,Empty,RyuJit,Default,X64,8c5e7fda-e8bf-4a96-9a85-a6e23a8c635c,.NET 9.0,False,True,False,True,Default,Default,False,False,False,Default,Default,Default,Default,Default,Default,Default,1,5,Default,Default,Default,Default,Default,Default,Default,Default,1,2,100000,0.05,"15,197.1 μs",813.64 μs,211.30 μs,"15,112.9 μs",0.057,0.00,1000.0000,0.0000,18521.68 KB,0.047
DeltaSync_BandwidthSavings_Analysis,Job-ARDWEO,False,Default,Default,Default,Default,Default,Default,111111111111111111111111,Empty,RyuJit,Default,X64,8c5e7fda-e8bf-4a96-9a85-a6e23a8c635c,.NET 9.0,False,True,False,True,Default,Default,False,False,False,Default,Default,Default,Default,Default,Default,Default,1,5,Default,Default,Default,Default,Default,Default,Default,Default,1,2,100000,0.05,"267,628.6 μs","4,807.40 μs","1,248.47 μs","267,458.1 μs",1.009,0.01,23000.0000,5000.0000,390241.63 KB,1.000
DeltaSync_MultipleRounds,Job-ARDWEO,False,Default,Default,Default,Default,Default,Default,111111111111111111111111,Empty,RyuJit,Default,X64,8c5e7fda-e8bf-4a96-9a85-a6e23a8c635c,.NET 9.0,False,True,False,True,Default,Default,False,False,False,Default,Default,Default,Default,Default,Default,Default,1,5,Default,Default,Default,Default,Default,Default,Default,Default,1,2,100000,0.05,"154,933.6 μs","5,067.19 μs",784.15 μs,"155,188.8 μs",0.584,0.00,3000.0000,0.0000,63210.52 KB,0.162
DeltaSync_LargeDataset_SmallChange,Job-ARDWEO,False,Default,Default,Default,Default,Default,Default,111111111111111111111111,Empty,RyuJit,Default,X64,8c5e7fda-e8bf-4a96-9a85-a6e23a8c635c,.NET 9.0,False,True,False,True,Default,Default,False,False,False,Default,Default,Default,Default,Default,Default,Default,1,5,Default,Default,Default,Default,Default,Default,Default,Default,1,2,100000,0.05,"438,769.6 μs","9,156.66 μs","2,377.96 μs","439,219.5 μs",1.654,0.01,25000.0000,8000.0000,433504.98 KB,1.111
DeltaSync_FilteringOverhead,Job-ARDWEO,False,Default,Default,Default,Default,Default,Default,111111111111111111111111,Empty,RyuJit,Default,X64,8c5e7fda-e8bf-4a96-9a85-a6e23a8c635c,.NET 9.0,False,True,False,True,Default,Default,False,False,False,Default,Default,Default,Default,Default,Default,Default,1,5,Default,Default,Default,Default,Default,Default,Default,Default,1,2,100000,0.05,453.0 μs,52.82 μs,13.72 μs,457.9 μs,0.002,0.00,0.0000,0.0000,140.19 KB,0.000
DeltaSync_MemoryFootprint,Job-ARDWEO,False,Default,Default,Default,Default,Default,Default,111111111111111111111111,Empty,RyuJit,Default,X64,8c5e7fda-e8bf-4a96-9a85-a6e23a8c635c,.NET 9.0,False,True,False,True,Default,Default,False,False,False,Default,Default,Default,Default,Default,Default,Default,1,5,Default,Default,Default,Default,Default,Default,Default,Default,1,2,100000,0.05,"267,931.5 μs","5,415.12 μs","1,406.29 μs","268,541.8 μs",1.010,0.01,23000.0000,5000.0000,390241.53 KB,1.000
FullSync_ExportAll,Job-ARDWEO,False,Default,Default,Default,Default,Default,Default,111111111111111111111111,Empty,RyuJit,Default,X64,8c5e7fda-e8bf-4a96-9a85-a6e23a8c635c,.NET 9.0,False,True,False,True,Default,Default,False,False,False,Default,Default,Default,Default,Default,Default,Default,1,5,Default,Default,Default,Default,Default,Default,Default,Default,1,2,100000,0.1,"266,827.3 μs","5,436.86 μs",841.36 μs,"266,561.4 μs",1.000,0.00,23000.0000,5000.0000,390319.61 KB,1.000
FullSync_ExportAndImport,Job-ARDWEO,False,Default,Default,Default,Default,Default,Default,111111111111111111111111,Empty,RyuJit,Default,X64,8c5e7fda-e8bf-4a96-9a85-a6e23a8c635c,.NET 9.0,False,True,False,True,Default,Default,False,False,False,Default,Default,Default,Default,Default,Default,Default,1,5,Default,Default,Default,Default,Default,Default,Default,Default,1,2,100000,0.1,"434,391.4 μs","39,273.50 μs","10,199.20 μs","431,159.1 μs",1.628,0.04,45000.0000,11000.0000,751519.45 KB,1.925
DeltaSync_ExportChangesSince,Job-ARDWEO,False,Default,Default,Default,Default,Default,Default,111111111111111111111111,Empty,RyuJit,Default,X64,8c5e7fda-e8bf-4a96-9a85-a6e23a8c635c,.NET 9.0,False,True,False,True,Default,Default,False,False,False,Default,Default,Default,Default,Default,Default,Default,1,5,Default,Default,Default,Default,Default,Default,Default,Default,1,2,100000,0.1,NA,NA,NA,NA,?,?,NA,NA,NA,?
DeltaSync_ExportDeltaChanges,Job-ARDWEO,False,Default,Default,Default,Default,Default,Default,111111111111111111111111,Empty,RyuJit,Default,X64,8c5e7fda-e8bf-4a96-9a85-a6e23a8c635c,.NET 9.0,False,True,False,True,Default,Default,False,False,False,Default,Default,Default,Default,Default,Default,Default,1,5,Default,Default,Default,Default,Default,Default,Default,Default,1,2,100000,0.1,NA,NA,NA,NA,?,?,NA,NA,NA,?
DeltaSync_ExportAndImport,Job-ARDWEO,False,Default,Default,Default,Default,Default,Default,111111111111111111111111,Empty,RyuJit,Default,X64,8c5e7fda-e8bf-4a96-9a85-a6e23a8c635c,.NET 9.0,False,True,False,True,Default,Default,False,False,False,Default,Default,Default,Default,Default,Default,Default,1,5,Default,Default,Default,Default,Default,Default,Default,Default,1,2,100000,0.1,"19,970.3 μs","2,710.49 μs",703.91 μs,"20,237.4 μs",0.075,0.00,2000.0000,0.0000,36956.75 KB,0.095
DeltaSync_BandwidthSavings_Analysis,Job-ARDWEO,False,Default,Default,Default,Default,Default,Default,111111111111111111111111,Empty,RyuJit,Default,X64,8c5e7fda-e8bf-4a96-9a85-a6e23a8c635c,.NET 9.0,False,True,False,True,Default,Default,False,False,False,Default,Default,Default,Default,Default,Default,Default,1,5,Default,Default,Default,Default,Default,Default,Default,Default,1,2,100000,0.1,"263,685.0 μs","10,101.68 μs","2,623.37 μs","262,367.9 μs",0.988,0.01,23000.0000,5000.0000,390475.2 KB,1.000
DeltaSync_MultipleRounds,Job-ARDWEO,False,Default,Default,Default,Default,Default,Default,111111111111111111111111,Empty,RyuJit,Default,X64,8c5e7fda-e8bf-4a96-9a85-a6e23a8c635c,.NET 9.0,False,True,False,True,Default,Default,False,False,False,Default,Default,Default,Default,Default,Default,Default,1,5,Default,Default,Default,Default,Default,Default,Default,Default,1,2,100000,0.1,"200,435.5 μs","1,588.21 μs",245.78 μs,"200,415.6 μs",0.751,0.00,7000.0000,2000.0000,126549.11 KB,0.324
DeltaSync_LargeDataset_SmallChange,Job-ARDWEO,False,Default,Default,Default,Default,Default,Default,111111111111111111111111,Empty,RyuJit,Default,X64,8c5e7fda-e8bf-4a96-9a85-a6e23a8c635c,.NET 9.0,False,True,False,True,Default,Default,False,False,False,Default,Default,Default,Default,Default,Default,Default,1,5,Default,Default,Default,Default,Default,Default,Default,Default,1,2,100000,0.1,"438,907.3 μs","15,546.52 μs","2,405.84 μs","438,620.0 μs",1.645,0.01,25000.0000,8000.0000,433505.13 KB,1.111
DeltaSync_FilteringOverhead,Job-ARDWEO,False,Default,Default,Default,Default,Default,Default,111111111111111111111111,Empty,RyuJit,Default,X64,8c5e7fda-e8bf-4a96-9a85-a6e23a8c635c,.NET 9.0,False,True,False,True,Default,Default,False,False,False,Default,Default,Default,Default,Default,Default,Default,1,5,Default,Default,Default,Default,Default,Default,Default,Default,1,2,100000,0.1,287.2 μs,34.22 μs,8.89 μs,282.7 μs,0.001,0.00,0.0000,0.0000,155.78 KB,0.000
DeltaSync_MemoryFootprint,Job-ARDWEO,False,Default,Default,Default,Default,Default,Default,111111111111111111111111,Empty,RyuJit,Default,X64,8c5e7fda-e8bf-4a96-9a85-a6e23a8c635c,.NET 9.0,False,True,False,True,Default,Default,False,False,False,Default,Default,Default,Default,Default,Default,Default,1,5,Default,Default,Default,Default,Default,Default,Default,Default,1,2,100000,0.1,"268,098.5 μs","10,074.02 μs","2,616.19 μs","268,308.4 μs",1.005,0.01,23000.0000,5000.0000,390475.2 KB,1.000
FullSync_ExportAll,Job-ARDWEO,False,Default,Default,Default,Default,Default,Default,111111111111111111111111,Empty,RyuJit,Default,X64,8c5e7fda-e8bf-4a96-9a85-a6e23a8c635c,.NET 9.0,False,True,False,True,Default,Default,False,False,False,Default,Default,Default,Default,Default,Default,Default,1,5,Default,Default,Default,Default,Default,Default,Default,Default,1,2,100000,0.5,"271,090.9 μs","6,390.69 μs","1,659.64 μs","271,383.1 μs",1.000,0.01,23000.0000,5000.0000,391569.39 KB,1.000
FullSync_ExportAndImport,Job-ARDWEO,False,Default,Default,Default,Default,Default,Default,111111111111111111111111,Empty,RyuJit,Default,X64,8c5e7fda-e8bf-4a96-9a85-a6e23a8c635c,.NET 9.0,False,True,False,True,Default,Default,False,False,False,Default,Default,Default,Default,Default,Default,Default,1,5,Default,Default,Default,Default,Default,Default,Default,Default,1,2,100000,0.5,"442,872.1 μs","12,145.72 μs","3,154.20 μs","443,370.7 μs",1.634,0.01,45000.0000,11000.0000,753706.59 KB,1.925
DeltaSync_ExportChangesSince,Job-ARDWEO,False,Default,Default,Default,Default,Default,Default,111111111111111111111111,Empty,RyuJit,Default,X64,8c5e7fda-e8bf-4a96-9a85-a6e23a8c635c,.NET 9.0,False,True,False,True,Default,Default,False,False,False,Default,Default,Default,Default,Default,Default,Default,1,5,Default,Default,Default,Default,Default,Default,Default,Default,1,2,100000,0.5,NA,NA,NA,NA,?,?,NA,NA,NA,?
DeltaSync_ExportDeltaChanges,Job-ARDWEO,False,Default,Default,Default,Default,Default,Default,111111111111111111111111,Empty,RyuJit,Default,X64,8c5e7fda-e8bf-4a96-9a85-a6e23a8c635c,.NET 9.0,False,True,False,True,Default,Default,False,False,False,Default,Default,Default,Default,Default,Default,Default,1,5,Default,Default,Default,Default,Default,Default,Default,Default,1,2,100000,0.5,NA,NA,NA,NA,?,?,NA,NA,NA,?
DeltaSync_ExportAndImport,Job-ARDWEO,False,Default,Default,Default,Default,Default,Default,111111111111111111111111,Empty,RyuJit,Default,X64,8c5e7fda-e8bf-4a96-9a85-a6e23a8c635c,.NET 9.0,False,True,False,True,Default,Default,False,False,False,Default,Default,Default,Default,Default,Default,Default,1,5,Default,Default,Default,Default,Default,Default,Default,Default,1,2,100000,0.5,"19,862.7 μs","6,902.80 μs","1,792.64 μs","20,849.1 μs",0.073,0.01,2000.0000,0.0000,36906.48 KB,0.094
DeltaSync_BandwidthSavings_Analysis,Job-ARDWEO,False,Default,Default,Default,Default,Default,Default,111111111111111111111111,Empty,RyuJit,Default,X64,8c5e7fda-e8bf-4a96-9a85-a6e23a8c635c,.NET 9.0,False,True,False,True,Default,Default,False,False,False,Default,Default,Default,Default,Default,Default,Default,1,5,Default,Default,Default,Default,Default,Default,Default,Default,1,2,100000,0.5,"271,775.0 μs","15,033.83 μs","2,326.50 μs","272,535.0 μs",1.003,0.01,23000.0000,5000.0000,391724.83 KB,1.000
DeltaSync_MultipleRounds,Job-ARDWEO,False,Default,Default,Default,Default,Default,Default,111111111111111111111111,Empty,RyuJit,Default,X64,8c5e7fda-e8bf-4a96-9a85-a6e23a8c635c,.NET 9.0,False,True,False,True,Default,Default,False,False,False,Default,Default,Default,Default,Default,Default,Default,1,5,Default,Default,Default,Default,Default,Default,Default,Default,1,2,100000,0.5,"644,899.4 μs","21,735.81 μs","3,363.64 μs","644,287.6 μs",2.379,0.02,38000.0000,12000.0000,657609.41 KB,1.679
DeltaSync_LargeDataset_SmallChange,Job-ARDWEO,False,Default,Default,Default,Default,Default,Default,111111111111111111111111,Empty,RyuJit,Default,X64,8c5e7fda-e8bf-4a96-9a85-a6e23a8c635c,.NET 9.0,False,True,False,True,Default,Default,False,False,False,Default,Default,Default,Default,Default,Default,Default,1,5,Default,Default,Default,Default,Default,Default,Default,Default,1,2,100000,0.5,"436,507.3 μs","24,637.93 μs","3,812.75 μs","435,790.7 μs",1.610,0.02,25000.0000,8000.0000,433505.16 KB,1.107
DeltaSync_FilteringOverhead,Job-ARDWEO,False,Default,Default,Default,Default,Default,Default,111111111111111111111111,Empty,RyuJit,Default,X64,8c5e7fda-e8bf-4a96-9a85-a6e23a8c635c,.NET 9.0,False,True,False,True,Default,Default,False,False,False,Default,Default,Default,Default,Default,Default,Default,1,5,Default,Default,Default,Default,Default,Default,Default,Default,1,2,100000,0.5,340.3 μs,387.92 μs,100.74 μs,381.3 μs,0.001,0.00,0.0000,0.0000,155.47 KB,0.000
DeltaSync_MemoryFootprint,Job-ARDWEO,False,Default,Default,Default,Default,Default,Default,111111111111111111111111,Empty,RyuJit,Default,X64,8c5e7fda-e8bf-4a96-9a85-a6e23a8c635c,.NET 9.0,False,True,False,True,Default,Default,False,False,False,Default,Default,Default,Default,Default,Default,Default,1,5,Default,Default,Default,Default,Default,Default,Default,Default,1,2,100000,0.5,"275,534.1 μs","8,679.29 μs","2,253.98 μs","274,688.5 μs",1.016,0.01,23000.0000,5000.0000,391725.06 KB,1.000
